ID,ESP2,ENG
F1_HIntro_01,HEROE: Por fin llegu√© a la Cripta del Goblin Maldito.,HERO: At last I arrived at the Cript of the Cursed Goblin.
F1_HIntro_02,Sus puertas me recibieron como fauces abiertas , Its gates greeted me like open jaws
F1_HIntro_03,y fui engullido por su perversa oscuridad, and I was gobbled by its wicked darkness
F1_Hspike_S01,Salt√© por encima del foso de pinchos sin recibir un solo rasgu√±o.,I jumped over the spike trap without getting no harm!
F1_Hspike_S02,"¬°Casi me caigo, pero por suerte reaccion√© a tiempo!","I almost fell, but luckily my catlike reflexes saved me just in time!"
F1_Hspike_S03_01,"La muerte aguardaba en esos puntiagudos pinchos, ","
Death awaited on those sharp spikes,"
F1_Hspike_S03_02,pero la mir√© a los ojos le dije: hoy no.,but I look her in the eyes and said: not today
F1_Hspike_F01,¬°Cu√°l fue mi sorpresa cuando ca√≠ en la trampa!,What was my surprise when I fell into that dreadful trap!
F1_Hspike_F02,"He de admitirlo, esos pinchazos no fueron precisamente agradables.","I must admit, those pricks were not nice at all"
F1_Hspike_F03,¬°A√∫n tengo las marcas en la armadura!,I still have marks on my armour!
F1_Hpen_S01,"Pas√© raudo y veloz por las cuchillas, sin que me rozasen.",I run through the knives as swiftly as the wind without they even got to touch me!
F1_Hpen_S02_01,"Ese baile de cuchillas era letal, ",Knives danced right in front of my eyes‚Ä¶ 
F1_Hpen_S02_02,pero no hay mejor bailar√≠n que yo.,But there's no better dancer than me. 
F1_Hpen_S03_01,"No mentir√©, sent√≠ miedo‚Ä¶ ","I will not lie, I was afraid‚Ä¶ "
F1_Hpen_S03_02,miedo de aburrirme con estas trampas tan pueriles.,Afraid of getting bored with such a childlish trap
F1_Hpen_F01_01,"Pens√© que era r√°pido, ","I thought I was fast, but knives were faster"
F1_Hpen_F01_02,pero las cuchillas lo fueron m√°s.,
F1_Hpen_F02,Cuando dec√≠a que necesitaba un corte no me refer√≠a a esto.,"When I'd said I wanted a cut, I didn't mean  this one "
F1_Hpen_F03,"Fue una caricia, una caricia dolorosa.","I felt it like a caress on my skin‚Ä¶ Well, a painful one"
F1_Harrow_S01,Ni las flechas m√°s certeras pudieron pararme,Not even the best-aimed arrows could stop me
F1_Harrow_S02,Atraves√© la trampa sin recibir da√±o,I went through the trap without getting any harm
F1_Harrow_S03,Las √∫nicas flechas que no soy capaz de esquivar son las de Cupido,They only arrows I am not able to avoid are Cupid's ones
F1_Harrow_F01,"Vale, alguna que otra me pinch√≥","Okay, maybe one or two hit me"
F1_Harrow_F02,¬°Las muescas de mi armadura hablan por m√≠!,Slots on my armour speak for me!
F1_Harrow_F03,La humillaci√≥n es la m√°s venenosa de las flechas,Humilliation is the most poisonous of arrows
F1_Hslime_S01,"Prefiero que me lluevan los elogios, gracias.","I prefer to be showered with praise, thank you."
F1_Hslime_S02,Ni siquiera me roz√≥.,That does not even touched me.
F1_Hslime_S03,Un h√©roe nunca tiene miedo a mancharse un poco.,A hero is never afraid to get a little dirty
F1_Hslime_F01,¬°Estas manchas de slime no salen con nada!.,"Those damn slime stains won't come out, I know"
F1_Hslime_F02,Decir que sent√≠ asco se quedar√≠a corto.,To say I felt nauseous would fall short
F1_Hslime_F03,A√∫n me estoy sacando slime de la ropa interior.,I am still removing slime from my underwear
F1_HChest_01,La curiosidad de saber qu√© albergaba en su interior me pudo.,The curiosity of knowing what was inside was stronger than myself.
F1_HChest_02,¬øLo que encontremos en un cofre nos lo podemos quedar o tenemos que declararlo?.,Do we have to declare what we find inside a chest or do we get to keep it?
F1_HChest_03,Dejar este tesoro en esta mazmorra infecta hubiese sido un sacrilegio,Leave that treasure inside that foul dungeon would have been a sacrilege
F1_Hpic_01,Las viejas glorias del pasado tienen sus ojos puestos en m√≠,Old glories from the past have their eyes on me
F1_Hpic_02,"Despu√©s de esta haza√±a, quiz√° yo sea el pr√≥ximo protagonista de un cuadro","After this great feat, perhaps I'll be the next to be painted"
F1_Hpic_03,Me sent√≠a observado por sus vetustas miradas,I felt observed by their ancient eyes
F1_Hgob_S01,"Morid, malditos","Die, you cowards!"
F1_Hgob_S02,¬°No sois rival para mi bravura!,You are no rival to my bravery!
F1_Hgob_S03,¬°Volved al infierno del que salisteis!,Come back to hell you came from!
F1_Hgob_F01,No deb√≠ subestimarlos.,I shouldn't have underestimated them.
F1_Hgob_F02,A veces se me olvida lo escurridizos que son.,Sometimes I forget how slippery they are.
F1_Hgob_F03,Eso doli√≥.,"Ouch, that hurt."
F1_Pr_01,PRISIONERO: ¬°Eh! ¬øQu√© pasa aqu√≠? ¬øT√∫ qui√©n eres?  ,PRISONER: Oi! wha's thare? wha are ye?
F1_H_01_01,"H√âROE: ¬°Saludos, amable prisionero! ","HERO: Greetings, friendly prisoner! "
F1_H_01_02,He venido a recorrer esta mazmorra y poner fin al malvado reino del terror del rey Goblin que aqu√≠ mora. ,I came to go down this dungeon and put an end to the reign of terror of the Goblin king! 
F1_H_01_03,Dar√© por finalizado su vil r√©gimen con mi filo certero. ,I will end up his evil regime with my mighty sword.
F1_Pr_02,PRISIONERO: ¬°Por fin! ¬°Llevo d√©cadas esperando a un h√©roe como t√∫!,PRISONER: Finally! A have waitit an eternity for a hero such as ye!
F1_H_02,"H√âROE: No se preocupe, he venido a rescatarle. ¬øQu√© le pas√≥?","HERO: Do not fear, I came to rescue you. What happened?"
F1_Pr_03,"PRISIONERO: El malvado rey goblin me encerr√≥ aqu√≠ hace m√°s de cincuenta a√±os, ya ni siquiera recuerdo la luz del sol... ",PRISONER: The evil goblin kin lockit me here more than fity years ago.
F1_H_03,"H√âROE: Pues sus d√≠as de cautiverio han terminado, anciano. ¬°Vuele libre!","HERO: Your captivity days are over, elderly man. Fly free!"
F1_Pr_04,PRISIONERO:  ¬°Que los dioses te bendigan!,PRISONER: Gods bless ye!
F2_H01,H√âROE: ‚Ä¶ Y as√≠ fue como pas√≥.,HERO: ‚Ä¶ and that's EXACTLY how it happened
F2_F01,FUNCIONARIO: Ah√°‚Ä¶ Y as√≠ consigui√≥ el Scepter of the Fallen King.,EMPLOYEE: Aha‚Ä¶ That's how you got the Scepter of the Fallen King.
F2_H02,H√âROE: As√≠ es.,HERO: That's right.
F2_F02,FUNCIONARIO: Y por eso viene a reclamar su licencia de h√©roe.,EMPLOYEE: And that is why you are here to claim for your hero licence.
F2_H03,H√âROE: Yep. ,HERO: Yep.
F2_F03,FUNCIONARIO:  Recibir√° su licencia en un periodo de 2 a 3 lunas h√°biles‚Ä¶,"EMPLOYEE: Ok, you will receive your hero licence within two or three business moons‚Ä¶"
F2_H04,H√âROE: ¬°Magn√≠fico!,HERO: Awesome!
F2_F04,FUNCIONARIO: ‚Ä¶ siempre y cuando supere nuestra auditor√≠a.,EMPLOYEE: ‚Ä¶ once you pass our audit.
F2_H05,H√âROE: ¬øC√≥mo?,"HERO: Sorry, what?"
F3_AU01_01,AUDITOR: (Suspira) (Mira el informe) Menos mal que he desayunado antes de venir‚Ä¶ ,"AUDITOR: (sighs) (looks at the letter) Well, thank goodness I have already took my breakfast‚Ä¶"
F3_AU01_02,Esta mazmorra es larga de narices. Veamos qu√© ha hecho nuestro supuesto h√©roe. , This dungeon is long as damn big. Let's see what our hero has done. 
F3_AUPFlag_01,Esto me resulta extra√±o‚Ä¶,This is strange‚Ä¶
F3_AUPFlag_02,Creo que te he pillado,I think I got you
F3_AUPFlag_03,"Mucho lirili y poco lerele, se√±or h√©roe‚Ä¶","Much ado about nothing, mister Hero‚Ä¶"
F3_AUPFlag_04,Aqu√≠ hay gato encerrado‚Ä¶,There's something fishy going on‚Ä¶
F3_AUQFlag_01,Mmm me lo tengo que pensar mejor,I have to think again‚Ä¶
F3_AUQFlag_02,Vamos a darle un par de vueltas,Let's chew the cud
F3_AUQFlag_03,"No, no hay nada que ver aqu√≠","Nah, nothing to see here"
F3_AUQFlag_04,Mejor dejarlo como estaba‚Ä¶ ,Better let it be‚Ä¶
F3_Auspike_01,"Prefiero los pinchos de pollo, gracias","I prefer a shish kebab, please"
F3_Aupend_01,S√≠ que maneja presupuesto esta gente,"They sure are floaded, man"
F3_Auslime_01,Lo siento por el servicio de limpieza‚Ä¶,I feel so sorry for the cleaning service‚Ä¶
F3_Auarrow_01,Seguro que sali√≥ de aqu√≠ 'enflechao',I bet he took a bow after his perfomance‚Ä¶
F3_AU_01_01,"AUDITOR: Hola, buenas. Soy del Departamento de Asuntos Heroicos.","AUDITOR: Hello, I am from the Department of Heroic Affairs."
F3_AU_01_02,He venido a auditar una haza√±a,I came to audit a feat.
F3_PR_01_01,PRISIONERO: CON USTED QUER√çA YO HABLAR.,"PRISONER: FINALLY, SOMEONE FROM THE BLOODY DEPARTMENT! "
F3_PR_01_02,¬øQu√© es esto de enviar a un h√©roe al rescate y que ni rescate ni n√°?,Why dae ye send an hero wha doesnae rescue??
F3_AU_02,AUDITOR: ¬øHa venido alguien a por usted?,AUDITOR: Has someone come to rescue you?
F3_PR_02_01,"PRISIONERO: S√≠, s√≠, uno muy limpito, con su armadurita bien brillante.","PRISONER:  Ay,yes, a knicht i his shiny little armour an awthing. "
F3_PR_02_02, Estuvo aqu√≠ ayer justo.,He wis here juist yesterday!
F3_AU_03,AUDITOR: ¬øY qu√© pas√≥? ,AUDITOR: And what happened?
F3_PR_03_01,"PRISIONERO: ¬°Pues que tal como vino se fue! ¬°Mucha palabrer√≠a, pero rescatar poquito!",PRISONER: He went back the way he came! much talk an little action!
F3_PR_03_02,"Llevo siglos aqu√≠, rodeado de malolientes goblins. "," A'v been here for ages, surroundit bi pongy goblins. "
F3_PR_03_03,En cuanto salga voy a poner una queja en su departamento que se va a cagar la perra.,"The moment A put a foot ootside this dungeon, A am gaun'ae complaint tae the department."
F3_AU_04,"AUDITOR: Disculpe, el Departamento de Asuntos Heroicos trabaja todo lo r√°pido que puede‚Ä¶","AUDITOR: I am sorry, the Department of Heroic Affairs works as fast as it can‚Ä¶"
F3_PR_04_01,"PRISIONERO: Pobrecitos, que trabajan mucho y han tardado CINCUENTA A√ëOS en enviarme a alguien.","PRISONER: Oh, poor souls, they work sae hard an thon's why they took fifty years tae send someone for me."
F3_PR_04_02,¬øEn esto se van mis impuestos? Esto es indignante‚Ä¶,Is here where aw ma taxes are gang? outrageous!
F3_AU_05,"AUDITOR: Se√±or, entiendo su enfado, pero el sistema est√° saturado.","AUDITOR: Sir, I understand your anger, but the system is collapsed. "
F3_PR_05,"PRISIONERO: Si, si, muy saturado PERO BIEN QUE VIENEN A BUSCAR EL CETRITO.","PRISONER: Yes, collapsed, but still here you are LOOKING FOR A BLOODY SCEPTER, RIGHT?"
F3_AU_06,"AUDITOR: ¬øSe refiere al tesoro de la mazmorra, el cetro del Rey Ca‚Ä¶?",AUDITOR: Do you mean the treasure of this dungeon? The scepter of the F‚Ä¶
F3_PR_06_01,PRISIONERO: ¬°CABR√ìN!  ¬øQui√©n lo ha votado? ,"PRISONER: FUCKIN KING, AYE!"
F3_PR_06_02,"¬°Yo desde luego no, que estaba aqu√≠!","Wha votit for him? A surely didn't, A wis trappit here!!"
F3_AU_07,"AUDITOR: Se√±or, su h√©roe de repuesto llegar√° entre una y dos lunas h√°biles.","AUDITOR: Sir, your spare hero will arrive within one or two business moons."
F3_PR_07,PRISIONERO: ¬°M√°s le vale! ¬°Aqu√≠ le espero! ,PRISONER: He better do! I wait here!
F3_Grub01_01,GRUBLIN: Verde que te quiero verde‚Ä¶ ¬°AGH! ¬øT√∫ qui√©n eres? ,GRUBLIN: I‚Äôm green dabadee dabadiii‚Ä¶ OH! Who is you? 
F3_Grub01_02,"¬øQu√© haces aqu√≠? Por favor, no pegues al pobre Grublin.","What you do here? Please, do not hit poor Grublin"
F3_Grub01_03,Grublin es un goblin bueno‚Ä¶, Grublin is good goblin‚Ä¶
F3_Au01,"AUDITOR: Buenas, soy el Auditor de Haza√±as.","AUDITOR: Hi there, I'm the Feat Auditor‚Ä¶"
F3_Grub02,GRUBLIN: ¬ø¬øUn auditor que ara√±a?? ¬øHas venido a hacerle risris en la cabecita a Grublin?,GRUBLIN: The what?? You came to smelly smell Grublin‚Äôs tiny cheesies? 
F3_Au02,"AUDITOR: HAZA√ëAS. AUDITOR DE HAZA√ëAS. EN PLAN, DE H√âROES.","AUDITOR: FEAT, FEAT AUDITOR. LIKE, HEROES‚Äô FEAT. "
F3_Grub03_01,"GRUBLIN: Oh, al se√±orito le gusta rasqui-rasqui a los h√©roes n√° m√°s‚Ä¶ ","GRUBLIN: Oh, Mr. Auditor only likes heros‚Äô feet. "
F3_Grub03_02,"Vale, vale. Grublin no juzga, a cada cual a lo suyo. ","Ok, Grublin don‚Äôt judge, no kinkshaming. "
F3_Grub03_03,"Si buscas un h√©roe para hacerle rasqui-rasqui, vi uno ayer. ","If you are looking for a hero to smelly smell, I saw one yesterday. "
F3_Grub03_04,Enlatado y todo. Ten√≠a un pinchi-pincho brillante. ,All tined and everything. He had a big shiny stabby stab. 
F3_Grub03_05,"Me gustan los pinchi-pinchos, ¬øsabes?","Me likey stabby stab, ya‚Äô know? "
F3_Au03,AUDITOR: ¬øY qu√© hizo?,AUDITOR: What did he do?
F3_Grub04_01,GRUBLIN: No mucho. Cosas de h√©roes: ,GRUBLIN: Not much. Usual hero stuff. 
F3_Grub04_02,"coger piedritas brillantes, dejarse el culete hecho un colador, ",Take shiny flat lil‚Äô rockies. Hit spikies with his bum-bum. 
F3_Grub04_03,"Intentar apu√±alar al amigo de Grublin‚Ä¶ Ya ves, un martes. ","Try to stab Grublin‚Äôs friend‚Ä¶ Ya‚Äô know, Tuesday evening."
F3_Au04,AUDITOR: Mmm‚Ä¶ ¬øtu amigo?,AUDITOR:  Hum‚Ä¶ your friend?
F3_Grub05_01,"Grublin: S√≠, al √∫nico amigo de Grublin, Grooblin. Pobre Grooblin. ","GRUBLIN: Yes, Grublin‚Äôs only friend, Grooblin. Poor Grooblin. "
F3_Grub05_02,Le deb√≠a cinco piedras brillantes a Grublin‚Ä¶ ese cabr√≥n‚Ä¶,"He owe Grublin five shiny rockies, that bastard‚Ä¶ "
F3_Au05,"AUDITOR: Mmm‚Ä¶ interesante‚Ä¶ Gracias, Grublin.","AUDITOR: Mmh‚Ä¶ interesting‚Ä¶  Thank you, Grublin."
F3_Grub06,GRUBLIN: No hay de qu√©. ¬°Que vaya bien el rasqui-rasqui!,"GRUBLIN: No prob, feet smeller. Good luck smelling!"
F3_Au06,AUDITOR: ‚Ä¶,AUDITOR: ‚Ä¶ 
F3_AUgob_01,"AUDITOR: Buenas, vengo del Departamento de Asuntos Heroicos.","AUDITOR: Hello, I am from the Department of Heroic Affairs."
F3_Gobcotilla_01,"GOBLIN: Uuuhh, ¬øy tienes chismes heroicos? Puedes hablar con el goblin Metiche.","GOBLIN: Uuuhh, you had a juicy affair? You can trust Nosey the goblin."
F3_AUgob_02,"AUDITOR: No, me refiero que REPRESENTO al Departamento de Asuntos Heroicos","AUDITOR: No, I mean, I come FROM the Department of Heroic Affairs."
F3_Gobcotilla_02,"GOBLIN: No te preocupes, tus chismes est√°n a salvo conmigo, nadie sabr√° sobre esos asuntillos tuyos... jijiji","GOBLIN: Don't worry, your secret is safe with me, no one will know about your heroic affair... hehehe"
F3_AUescon_01,"AUDITOR: Buenas, represento al Departamento de Asuntos Heroicos","AUDITOR: Hello, I come from the Department of Heroic Affairs"
F3_Gobescon_01,GOBLIN: SSSSHHHH... Estoy jugando al escondite...,GOBLIN: SSSSSHHHH... I'm playing hide-and-seek...
F3_AUescon_02,AUDITOR: Quer√≠a preguntarle sobre un h√©roe que vino ayer...,AUDITOR: I wanted to ask you about a hero that came yesterday...
F3_Gobescon_02,"GOBLIN: ¬°Uy, s√≠, s√≠! Pero no te voy a decir donde est√°... No soy un chivato.","GOBLIN: Yes-yes! Knighty-Knight came, but I won't tell you where he is... I'm no snitch!"
F3_AUescon_03,AUDITOR: No estoy jugando a ning√∫n juego.,AUDITOR: I'm not playing any game.
F3_Gobescon_03,GOBLIN: Eso es lo que dir√≠a alguien que est√° jugando al escondite... ¬°PUES NO ME VAS A PILLAR!,"GOBLIN: That's something someone who's playing would say... WELL, YOU WON'T CATCH ME!"
F0_Mision,Misi√≥n: Recupera el Cetro del Rey Ca√≠do.,Mission: Retrieve the scepter of the Fallen King.
F0_Lore,"Hace cientos de a√±os, se dice que hubo un gran mago que condens√≥ todo su poder en un cetro m√°gico que leg√≥ en el rey de Draisebia. Sin embargo, los goblins, guiados por su rey lo robaron y lo llevaron a lo m√°s profundo de una mazmorra. Pero el cetro aguardaba la llegada de un gran h√©roe que lo rescate y lo devuelva al lugar que le corresponde‚Ä¶ Hasta hoy.","Hundreds of years ago, it is said that a great wizard condensed all his power into a magic scepter, which he bequeathed to the King of Draisebia. However, the king of goblins sent his people to stole this scepter and took it to the deepest part of a dungeon. But the scepter waited for the arrival of a great hero to rescue it and return it to its rightful place‚Ä¶ Until today."
F3_AuditorExpl,"Estimado Auditor:
Ha recibido esta misiva con el prop√≥sito de comunicarle que ha sido usted seleccionado para llevar a cabo la auditoria de la solicitud de licencia de h√©roe con n√∫mero A55-H0L3. Para obtener dicha licencia, el h√©roe candidato debe superar la auditor√≠a de haza√±a.
Le recordamos el procedimiento de certificaci√≥n de haza√±a: 
1.	Tiene que dirigirse a the Cripta del Goblin Maldito (n¬∫ de identificaci√≥n SKRY-PL4C3) con la m√°xima prontitud posible.
2.	Revise la mazmorra con la mayor atenci√≥n y precisi√≥n posible. Si encuentra 5 o m√°s contradicciones entre la declaraci√≥n del h√©roe y lo que observa en la mazmorra, deber√° DENEGAR la licencia. Si encuentra menos de 5 contradicciones, entonces podr√° APROBAR la licencia.
3.	Recuerde que puede hablar con los posibles testigos que encuentre en la mazmorra, su testimonio puede ser valioso y v√°lido como contradicci√≥n.
Se consideran contradicciones las siguientes casu√≠sticas:
1.	Una trampa activada cuando deber√≠a estar desactivada.
2.	Cad√°veres donde no deber√≠a haberlos, o la ausencia de ellos.
3.	Cofres abiertos no declarados.
Cuando considere que ha terminado con la auditor√≠a, salga de la mazmorra por donde ha entrado. 
Mucha suerte en el desempe√±o de su tarea, confiamos en su buen hacer y en que sepa DESENMASCARAR (üòâ) a los h√©roes fraudulentos.
Reciba un cordial saludo,
Departamento de Asuntos Heroicos
Reino de Draisebia","Dear Mr. Auditor,
You have received this missive for the purpose of communicating that you have been selected as the auditor to conduct the perform an auditory of the hero licence number A55-H0L3.
As you know, all our heroes must have a licence in order to carry out their noble mission. To obtain that aforementioned licence, the hero candidate must pass our feat audit. 
We would like to remind you the fear certification procedure:
1.        Please head to the Cript of the Cursed Goblin (I.D. n¬∫ SKRY-PL4C3) as expeditiously as possible.
2.        Please inspect the dungeon with the greatest attention and precision. If you find 5 or more contradictions between the hero‚Äôs declaration and what you notice in the dungeon, you will must REFUSE the licence. However, if you find less than 5 contradictions, then you will have to APPROVE the licence. 
3.        You have 8 marks to point out contradictions.
4.        Please remind that you can talk to the possible witnesses you may find inside the dungeon, their testimony could be valuable and valid as a contradiction.
The following cases are considered contradictions:
1.        An activated trap when it should be deactivated, and viceversa.
2.        Corpses where they should not be, or the absence of them.
3.        Undeclared open chests.
Whenever you consider the audit should be over, please leave the dungeon the way you came in.
Mucha suerte en el desempe√±o de su tarea, we trust in your good performance and that you know how to UNMASK (üòâ) the fraudulent heroes.
Kind regards,
Department of Heroic Affairs
Kingdom of Draisebia
"